rua,bairro
Rua João Batista,Paciência
Praça Olga Paula de Souza,Marechal Hermes
Rua Antônio Sales,Cacuia
Rua sem nome,Andaraí
Rua Monsenhor Távola,Jacarezinho
Rua Mangara,Mangueira
Rua sem nome,Vasco da Gama
Avenida Presidente Antonio Carlos,Centro
Rua Buenos Aires,Centro
Travessa Comércio,Centro
Rua Gustavo de Lacerda,Centro
Rua do Rosário,Centro
Rua Primeiro de Março,Centro
Largo dos Pracinhas,Centro
Rua do Rosário,Centro
Avenida Presidente Antonio Carlos,Centro
Rua Candelária,Centro
Rua Primeiro de Março,Centro
Rua Buenos Aires,Centro
Praça Melvin Jones,Centro
Rua Primeiro de Março,Centro
Rua Candelária,Centro
Rua Luís de Camões,Centro
Rua Buenos Aires,Centro
Rua Debret,Centro
Praça Monte Castelo,Centro
Praça Cardeal Câmara,Lapa
Avenida Almirante Barroso,Centro
Rua Araújo Porto Alegre,Centro
Avenida Presidente Antonio Carlos,Centro
Avenida Presidente Antonio Carlos,Centro
Avenida Erasmo Braga,Centro
Rua Buenos Aires,Centro
Rua Anfilofio de Carvalho,Centro
Rua Araújo Porto Alegre,Centro
Avenida Presidente Antonio Carlos,Centro
Rua Santa Luzia,Lapa
Rua Santa Luzia,Centro
Rua Primeiro de Março,Centro
Rua da Conceição,Centro
Beco do Rosário,Centro
Avenida General Justo,Centro
Rua Primeiro de Março,Centro
Rua do Rosário,Centro
Rua Miguel Couto,Centro
Rua dos Andradas,Centro
Avenida Presidente Antonio Carlos,Centro
Rua dos Andradas,Centro
Rua Debret,Centro
Rua Candelária,Centro
Avenida Mem de Sá,Lapa
Travessa do Paço,Centro
Avenida Almirante Barroso,Centro
Avenida Presidente Antonio Carlos,Centro
Rua Marechal Aguinaldo Caiado de Castro,Centro
Beco do Rosário,Centro
Avenida Marechal Floriano,Centro
Praça Tiradentes,Centro
Rua do Rosário,Centro
Rua Armando de Sales Oliveira,Centro
Avenida Presidente Antonio Carlos,Centro
Avenida Presidente Antonio Carlos,Centro
Rua do Mercado,Centro
Avenida Almirante Barroso,Centro
Avenida Presidente Wilson,Centro
Rua Marechal Aguinaldo Caiado de Castro,Centro
Rua Buenos Aires,Centro
Rua Primeiro de Março,Centro
Avenida Presidente Antonio Carlos,Centro
Avenida República do Chile,Centro
Rua Debret,Centro
Avenida República do Chile,Centro
Rua Araújo Porto Alegre,Centro
Avenida Marechal Floriano,Centro
Avenida Presidente Antonio Carlos,Centro
Rua Ramalho Ortigão,Centro
Praça Embaixador Azeredo da Silveira,Centro
Praça Procurador-Geral de Justiça Hermano Odilon dos Anjos,Centro
Rua sem nome,Centro
Praça Comandante Alexandre Siqueira,Centro
Rua Marechal Bitencourt,Riachuelo
Avenida Marisa Letícia Lula da Silva,Jacarepaguá
Avenida Marisa Letícia Lula da Silva,Jacarepaguá
Rua Visconde do Rio Branco,Centro
Praça Tiradentes,Centro
Rua Aparicio Borges,Laranjeiras
Rua Luís de Camões,Centro
Rua Ituverava,Jacarepaguá
Escadaria da Ituverava,Jacarepaguá
Estrada do Sertão,Jacarepaguá
Rua Araticum,Jacarepaguá
Rua Denise Dobbin Bauerfeldt,Barra da Tijuca
Rua Denise Dobbin Bauerfeldt,Barra da Tijuca
Rua Santa Gertrudes,Campo Grande
Rua Coração Divino,Campo Grande
Rua Modelo,Anchieta
Rua Santo Antonio da Pedra,Anchieta
Avenida Prefeito Dulcídio Cardoso,Barra da Tijuca
Avenida A PAA 10090/PAL 37215,Itanhangá
Avenida Sobral Pinto,Barra da Tijuca
Avenida Sobral Pinto,Barra da Tijuca
Avenida A PAA 10090/PAL 37215,Itanhangá
Rua Ernesto Carneiro Ribeiro,Santíssimo
Rua Ernesto Carneiro Ribeiro,Santíssimo
Rua Ernesto Carneiro Ribeiro,Santíssimo
Rua Evangelina de Lima Barreto,Santíssimo
Rua Suzana Amaral,Jacarepaguá
Rua 1 PAA 6290/PAL 18986,Pitangueiras
Rua Anthero Monteiro de Azevedo,Campo Grande
Rua Tarso de Castro,Santa Cruz
Rua D PAA 11265/PAL 44546,Santa Cruz
Rua B PAA 11265 / PAL 44546,Santa Cruz
Rua B PAA 11265 / PAL 44546,Santa Cruz
Avenida A PAA 10090/PAL 37215,Itanhangá
Avenida A PAA 10090/PAL 37215,Itanhangá
Avenida A PAA 10090/PAL 37215,Itanhangá
Avenida A PAA 10090/PAL 37215,Itanhangá
Avenida A PAA 10090/PAL 37215,Itanhangá
Avenida A PAA 10090/PAL 37215,Itanhangá
Rua Beatriz Larragoiti Lucas,Cidade Nova
Rua Madre Tereza de Calcutá,Cidade Nova
Avenida Presidente Vargas,Cidade Nova
Rua D PAA 11663/PAL 45187,Santíssimo
Rua D PAA 11663/PAL 45187,Santíssimo
Rua C PAA 11663/PAL 45187,Santíssimo
Rua C PAA 11663/PAL 45187,Santíssimo
Rua B PAA 11663/PAL 45187,Santíssimo
Rua I PAA 11663/PAL 45187,Santíssimo
Rua Aluisio Palhano,Campo Grande
Avenida Ayrton Senna,Barra da Tijuca
Avenida Aldemir Martins,Recreio dos Bandeirantes
Avenida George Savalla,Recreio dos Bandeirantes
Rua Vittorio Migliora,Recreio dos Bandeirantes
Avenida Aldemir Martins,Recreio dos Bandeirantes
Avenida Aldemir Martins,Recreio dos Bandeirantes
sem nome - CL 245621,Recreio dos Bandeirantes
Rua Edna Côrte Silveira,Recreio dos Bandeirantes
Rua Paulo Humberto Pizziali,Sepetiba
Rua Peter Giuliano Pereira da Silva,Sepetiba
Rua do Bem Querer,Anil
Travessa Projetada 4 PAA 12559/PAL 49018,Anil
Rua do Bem Querer,Anil
sem nome - CL 445791,Rocinha
Rua São José,Parada de Lucas
Rua Projetada A PAA 12490/PAL 48650,Campo Grande
Rua Projetada A PAA 12490/PAL 48650,Campo Grande
Rua Projetada E PAA 12490/PAL 48650,Campo Grande
Rua Projetada A PAA 12490/PAL 48650,Campo Grande
Rua Projetada A PAA 12490/PAL 48650,Campo Grande
Rua Projetada E PAA 12490/PAL 48650,Campo Grande
Rua Projetada B PAA 12490/PAL 48650,Campo Grande
Rua Projetada B PAA 12490/PAL 48650,Campo Grande
sem nome - CL 267187,Manguinhos
Rua Projetada D PAA 12490/PAL 48650,Campo Grande
Rua Projetada D PAA 12490/PAL 48650,Campo Grande
Rua Projetada D PAA 12490/PAL 48650,Campo Grande
Rua Projetada E PAA 12490/PAL 48650,Campo Grande
Rua Projetada E PAA 12490/PAL 48650,Campo Grande
Rua Projetada E PAA 12490/PAL 48650,Campo Grande
Rua Projetada D PAA 12490/PAL 48650,Campo Grande
Rua Projetada D PAA 12490/PAL 48650,Campo Grande
Rua sem nome - CL 454074,Paciência
Rua sem nome - CL 454074,Paciência
Rua sem nome - CL 454074,Paciência
Rua Vitória Régia (N.R.),Cidade Universitária
Rua Vitória Régia (N.R.),Cidade Universitária
Rua Margarida (N.R.),Cidade Universitária
Rua Margarida (N.R.),Cidade Universitária
Rua dos Cravos (N.R.),Cidade Universitária
Avenida Roberto Dinamite,Vasco da Gama
Rua Pedro Calmon (N.R.),Cidade Universitária
Rua Pedro Calmon (N.R.),Cidade Universitária
Praça Samira Nashid Mesquita (N.R.),Cidade Universitária
Praça Samira Nashid Mesquita (N.R.),Cidade Universitária
Avenida Horácio de Macedo (N.R.),Cidade Universitária
Avenida Horácio de Macedo (N.R.),Cidade Universitária
Ponte do Saber (N.R.),Cidade Universitária
Rua Moniz de Aragão (N.R.),Cidade Universitária
Avenida Athos da Silveira Ramos (N.R.),Cidade Universitária
Avenida Athos da Silveira Ramos (N.R.),Cidade Universitária
Praça Edson Abdalla Saad (N.R.),Cidade Universitária
Praça Edson Abdalla Saad (N.R.),Cidade Universitária
Avenida Horácio de Macedo (N.R.),Cidade Universitária
Rua Professor Rodolpho Paulo Rocco (N.R.),Cidade Universitária
Rua Professor Rodolpho Paulo Rocco (N.R.),Cidade Universitária
Rua César Pernetta (N.R.),Cidade Universitária
Rua César Pernetta (N.R.),Cidade Universitária
Rua Professor Rodolpho Paulo Rocco (N.R.),Cidade Universitária
Rua César Pernetta (N.R.),Cidade Universitária
Rua Maria Dolores Lins de Andrade (N.R.),Cidade Universitária
Rua Octávio Cantanhede (N.R.),Cidade Universitária
Rua C,Campo Grande
Rua C,Campo Grande
Rua C,Campo Grande
Rua O,Campo Grande
Rua D,Campo Grande
Rua Neif Antônio Alem,Campo Grande
Rua Neif Antônio Alem,Campo Grande
Rua Neif Antônio Alem,Campo Grande
Rua Neif Antônio Alem,Campo Grande
Rua Neif Antônio Alem,Campo Grande
Avenida Lobo Junior,Penha Circular
Rua Eleone de Almeida,Santa Teresa
Avenida Ayrton Senna,Barra da Tijuca
Avenida Ayrton Senna,Barra da Tijuca
Praça Jose de Alencar,Flamengo
Praça Jose de Alencar,Flamengo
Avenida Rei Pelé,Maracanã
Rua Doutor Jose Thomaz,Pavuna
Rua Tupassi,Cosmos
Travessa Gibeom,Cidade de Deus
Rua Dois,Santa Cruz
Rua Nambi,Pitangueiras
Estrada do Barro Vermelho,Rocha Miranda
Rua C,Santa Cruz
sem nome - CL 378604,Leme
Rua Mozart,Jardim América
Rua Guararema,Oswaldo Cruz
Rua Ana Maria Noronha,Vidigal
Avenida Ribeiro Dantas,Bangu
Rua Beatriz Feitler,Campo Grande
Rua Porena,Ramos
Rua Maestro Amaro Barreto,Cordovil
Rua Martim Afonso,Leme
Rua Patrocínio,Guadalupe
Rua Vieira do Couto,Rocha Miranda
Rua Oscar Lopes,Anil
Avenida Alfredo Balthazar da Silveira,Recreio dos Bandeirantes
Rua Ana Teles,Campinho
Rua Frei Alexandre,Irajá
Avenida Brasil,Ramos
Rua General Correa e Castro,Jardim América
sem nome - CL 429399,Santa Teresa
Rua Teodoro Sampaio,Jardim Sulacap
Rua Tales de Carvalho,Jardim América
Rua Jorge Gomes,Complexo do Alemão
Rua Tacaratu,Marechal Hermes
Estrada da Água Grande,Irajá
Avenida dos Italianos,Rocha Miranda
Rua Nove,Mangueira
Avenida Presidente Vargas,Centro
Rua Rio da Prata,Bangu
Rua sem nome - CL 453092,Santa Cruz
Rua Rio Apa,Cordovil
Rua Rio Apa,Braz de Pina
Estrada da Água Grande,Vista Alegre
Rua Limites,Realengo
Avenida Luzitânia,Penha Circular
Rua Turvo,Irajá
Rua Turvo,Vicente de Carvalho
Rua São Gedeão,Penha
Rua Ortivo Guedes,Estácio
Avenida Cidade de Lima,Santo Cristo
Avenida Canal,Maré
Rua Bombaim,Bangu
Rua Adelis Luis de Lima,Anchieta
Rua Eduardo Ramos,Tijuca
Rua General Caiado de Castro - P 39587,Penha
Avenida Brasil,Caju
sem nome - CL 351924,Laranjeiras
sem nome - CL 413278,Cidade de Deus
Avenida dos Mananciais,Taquara
sem nome - CL 280487,Pavuna
Travessa Boa Vista PAA 10345/PAL 39463,Barros Filho
Rua Sargento Marqueti,Marechal Hermes
Rua Caripare,Pavuna
Largo do Sapê,Rocha Miranda
Travessa Diber,Gardênia Azul
Rua 13 Estrada do Galeão nº 2980,Portuguesa
Praia José Bonifácio,Paquetá
Avenida das Américas,Barra da Tijuca
sem nome - CL 238170,Padre Miguel
Praça Belmonte,Olaria
Rua Cesar do Rego Monteiro Filho,Tomás Coelho
Rua Cesar do Rego Monteiro Filho,Engenho da Rainha
Avenida Meriti,Parada de Lucas
Avenida Meriti,Cordovil
Rua Cisne,Copacabana
Travessa do Trigo de Marcílio Dias,Penha Circular
sem nome - CL 383497,Copacabana
Travessa Oaxaco,Inhaúma
Rua Cinquenta e nove,Santa Cruz
Rua Monte Amor Sagrado - PAL 40109,Pavuna
Rua São Martiniano,São Conrado
Rua Monte Rei,Paciência
Rua Marinho Pessoa,Irajá
Avenida Pastor Martin Luther King Jr.,Colégio
Avenida Pastor Martin Luther King Jr.,Irajá
Rua Maria do Carmo,Rocinha
Rua João Romariz,Ramos
sem nome - CL 359570,Pavuna
Avenida Bento Ribeiro Dantas,Maré
Rua General Gustavo Cordeiro de Farias,Benfica
Travessa Professor Valadares,Grajaú
Travessa Esperança,Rocinha
sem nome - CL 280156,Pavuna
Rua Senador Mozart Lago,Coelho Neto
Travessa Costa Carvalho,Freguesia (Ilha)
Avenida A,Paciência
Avenida Brasil,Vila Kennedy
Rua Pantoja,Acari
Rua Saint Hilaire,Bonsucesso
sem nome - CL 445668,Rocinha
Rua Angelo Pimentel,Bancários
Rua Dona Emília,Inhaúma
Rua Aurea,Santa Teresa
Rua General Bruce,Vasco da Gama
Avenida Armando Lombardi,Barra da Tijuca
Rua Angelo Agostini,Tijuca
Rua Sergipe,Vigário Geral
sem nome - CL 371211,São Conrado
Rua Gonzaga Duque,Ramos
Rua Peruipe,Realengo
Avenida Pastor Martin Luther King Jr.,Vicente de Carvalho
Rua Parapeuna,Cosmos
Avenida Dom Helder Camara,Cachambi
Rua Servidão F,Recreio dos Bandeirantes
Rua José Inácio,Rocinha
Rua São Francisco,Santa Teresa
Rua do Alpiste,Penha Circular
sem nome - CL 359398,Tomás Coelho
Rua Ministro Raul Fernandes,Botafogo
sem nome - CL 446104,Rocinha
Rua Dois de Maio,Jacaré
Rua Engenheiro Jose Carvalho Salgado,Oswaldo Cruz
sem nome - CL 359646,Acari
sem nome - CL 356907,Irajá
Rua Valdomiro Figueira Jorge,Alto da Boa Vista
Rua Teixeira Franco,Ramos
Rua Engenheiro Mario Carvalho,Vicente de Carvalho
Praça Oliveira Campos,Olaria
Rua Monte Amor Sagrado - PAL 40109,Pavuna
Rua das Turmalinas,Rocha Miranda
Avenida Dom Helder Camara,Cascadura
Rua Maestro Henrique Vogeler,Braz de Pina
Rua Capitão Barbosa,Cocotá
sem nome - CL 303032,Inhoaíba
Travessa Manuel Júlio,Santa Cruz
Rua São João Gualberto,Vila da Penha
sem nome - CL 333963,Alto da Boa Vista
Rua Jorge Gonçalves de Araujo,Olaria
Rua Jorge Gonçalves de Araujo,Olaria
Rua Cinco,Pavuna
Rua Um,Colégio
Rua Principal,Sampaio
Rua Principal,Jacaré
Rua G,Estácio
Rua Basílio de Magalhães,Guadalupe
sem nome - CL 364083,Vicente de Carvalho
Avenida Maracanã,Tijuca
sem nome - CL 406942,Complexo do Alemão
Avenida das Américas,Barra da Tijuca
Vila Oitenta e Seis,Maré
sem nome - CL 351809,Catete
Travessa Andorinha,Copacabana
Rua Calatea,Parque Anchieta
Rua Pedro Ivo,Taquara
sem nome - CL 246025,Vargem Pequena
Travessa sem nome,Tijuca
Travessa do Souza,Barra de Guaratiba
Rua Cristalina,Realengo
sem nome - CL 254904,Tijuca
sem nome - CL 252098,Pedra de Guaratiba
sem nome - CL 368142,Olaria
Ladeira Mendonça,Santo Cristo
Beco do Aluguel,Manguinhos
sem nome - CL 369751,Braz de Pina
sem nome - CL 258368,Braz de Pina
Rua Um,Pavuna
sem nome - CL 242925,Rocha
Rua Padre Januário,Inhaúma
Rua sem nome,Grajaú
Travessa Rio do Pau,Pavuna
sem nome - CL 231829,Vaz Lobo
Rua Onze,Vista Alegre
Rua Antonio Pinto da Mota,Tijuca
Praça Central do Caju,Caju
Vila sem nome - CL 464370,Paciência
Rua sem nome,Andaraí
sem nome - CL 412320,Cidade de Deus
sem nome - CL 242529,Cachambi
Estrada da Cachamorra,Campo Grande
Travessa Projetada Onze PAA 12396/PAL48172,Anil
Rua Projetada 4 - PAA 11519 / PAL 44874,Campo Grande
Estrada Bougainville,Jacarepaguá
Praça Alberto Monteiro Filho,Jacaré
sem nome - CL 370064,Bento Ribeiro
Travessa Ipê do Jamelão,Andaraí
Rua Dois,Pavuna
Rua sem nome,Grajaú
Rua Augusto,Sampaio
Travessa Jacaré,Lins de Vasconcelos
Rua Mil novecentos e e noventa e três,Pavuna
Rua 3,Vasco da Gama
Rua sem nome,Manguinhos
Caminho do Canal,Tijuca
sem nome - CL 365817,Quintino Bocaiúva
Rua sem nome,Vasco da Gama
sem nome - CL 375295,Realengo
Praça dos Salmos,Bangu
Rua A,Realengo
Rua sem nome,Engenho Novo
Rua São Pedro,Manguinhos
Praça Igara,Cosmos
sem nome - CL 382531,Engenho Novo
Largo João da Baiana,Saúde
Beco São Pedro,Vasco da Gama
Estrada Boiuna,Taquara
Vila Trezentos e sessenta e dois,Vila Isabel
Travessa Agenor,Vila Isabel
sem nome - CL 238980,Curicica
sem nome - CL 245753,Vargem Grande
sem nome - CL 241810,Grajaú
sem nome - CL 260919,Campo Grande
sem nome - CL 240291,Campo Grande
Praça Alegria do Sossego,Madureira
Vila Goiás,Benfica
Via Dulce,Andaraí
Rua Avelino Lourenço,Vila Militar
Rua São Miguel,Jacarezinho
Rua I - PAA 11063 / PAL 43948,Campo Grande
sem nome - CL 254201,Jardim Botânico
sem nome - CL 253799,Campo Grande
sem nome - CL 244269,Vila Isabel
sem nome - CL 238329,Madureira
sem nome - CL 349522,Taquara
sem nome - CL 259648,Santíssimo
sem nome - CL 244624,Piedade
Rua Azaleias do Outeiro,Jacarepaguá
Rua do Campo Alto,Cosmos
sem nome - CL 236539,Anil
sem nome - CL 261206,Santíssimo
sem nome - CL 232066,Jacarepaguá
Rua Justiniano da Rocha,Vila Isabel
sem nome - CL 238253,Todos os Santos
Travessa Três ,Rocinha
Avenida do Bráz de Pina,Vista Alegre
sem nome - CL 364935,São Francisco Xavier
sem nome - CL 241547,Piedade
sem nome - CL 239657,Campo Grande
sem nome - CL 417246,Rio Comprido
sem nome - CL 365346,Tomás Coelho
Travessa Bromélias do Jamelão,Andaraí
sem nome - CL 244269,Vila Isabel
Beco sem nome,Jacarezinho
Rua Suely,Vila Isabel
sem nome - CL 245852,Vargem Pequena
Rua Pacheco Teles,Ramos
sem nome - CL 366534,Quintino Bocaiúva
sem nome - CL 365866,Quintino Bocaiúva
sem nome - CL 367714,São Francisco Xavier
Rua Alagoas,Sampaio
sem nome - CL 412320,Cidade de Deus
sem nome - CL 257212,Praça Seca
sem nome - CL 257212,Campinho
Avenida A,Campo dos Afonsos
sem nome - CL 256156,Inhaúma
sem nome - CL 274589,Grajaú
Rua do Rosário,Jacarezinho
Rua Sete,Pavuna
sem nome - CL 262618,Campo Grande
Rua Campanário,Braz de Pina
Estrada do Engenho,Bangu
sem nome - CL 410001,Andaraí
Rua Sem nome - CL 367680,Catete
Rua Atinau,Vila Valqueire
sem nome - CL 364968,São Francisco Xavier
Rua Gastão,Lins de Vasconcelos
sem nome - CL 441428,Vila Isabel
sem nome - CL 255497,Maracanã
sem nome - CL 413542,Cidade de Deus
sem nome - CL 255992,Olaria
sem nome - CL 241489,Cachambi
Rua Santa Heloisa,Jardim Botânico
sem nome - CL 441782,Vila Isabel
Rua Salvador,Imperial de São Cristóvão
sem nome - CL 338715,Bangu
Ladeira do Joá,Tijuca
sem nome - CL 254474,Copacabana
sem nome - CL 364265,Oswaldo Cruz
Rua do Pedreiro,Praça Seca
Vila Candida,Irajá
sem nome - CL 262519,Campo Grande
sem nome - CL 362137,Manguinhos
Travessa Jose Higino,Tijuca
Rua sem nome,Manguinhos
sem nome - CL 354498,Santo Cristo
Rua Dez,Pavuna
Beco Dona Camila,Vasco da Gama
sem nome - CL 239657,Campo Grande
sem nome - CL 247320,Barra de Guaratiba
Rua Luiz Bonfá,Barra da Tijuca
Rua Augusto Jose Ribeiro,Barra de Guaratiba
sem nome - CL 369835,Irajá
Rua C,Tomás Coelho
sem nome - CL 338061,Anil
sem nome - CL 366633,Madureira
Praça Silvinha Teles,Bangu
Travessa Equimar,Imperial de São Cristóvão
Rua Manoel Augusto,Vila Isabel
sem nome - CL 443879,Vila Isabel
sem nome - CL 362475,Del Castilho
Beco sem nome,Lins de Vasconcelos
sem nome - CL 237685,Lins de Vasconcelos
sem nome - CL 255851,Jacarepaguá
sem nome - CL 369496,Irajá
Rua sem nome,Lins de Vasconcelos
sem nome - CL 366369,Riachuelo
Rua B,Vila Kosmos
sem nome - CL 254888,Tijuca
sem nome - CL 239616,Campo Grande
Rua Pará,Sampaio
sem nome - CL 237321,Madureira
sem nome - CL 242982,Vila Isabel
Rua Leonardo Dantas da Rosa,Lins de Vasconcelos
sem nome - CL 255752,Jacarepaguá
sem nome - CL 241265,Engenho de Dentro
sem nome - CL 366773,Oswaldo Cruz
sem nome - CL 241299,Cachambi
sem nome - CL 370460,Pavuna
sem nome - CL 247262,Barra de Guaratiba
sem nome - CL 350777,Caju
Rua Um,Vista Alegre
Rua da Felicidade,Jacarezinho
Rua Matias Aires,Engenho Novo
Rua E,Tomás Coelho
Rua 1,Vasco da Gama
Rua Alegrete,Santa Cruz
Travessa Olímpia,Tijuca
Rua sem nome,Engenho Novo
Rua sem nome,Caju
sem nome - CL 265926,Pavuna
Rua Palhaço Arrelia,Realengo
Rua F,Tomás Coelho
Rua J,Campo dos Afonsos
PAL 3002,Recreio dos Bandeirantes
sem nome - CL 243477,Vasco da Gama
Rua Atilio da Silva Pinto,Manguinhos
Praça da Fé,Bangu
sem nome - CL 258152,Lins de Vasconcelos
Estrada dos Três Rios,Freguesia (Jacarepaguá)
Avenida Ministro Ivan Lins,Barra da Tijuca
Rua Dois,Pavuna
sem nome - CL 242719,São Francisco Xavier
Rua G,Pavuna
sem nome - CL 256016,Olaria
Rua  F PAA 12234/PAL 47554,Campo Grande
sem nome - CL 364935,São Francisco Xavier
Avenida Brasil,Bonsucesso
Rua Antonio Caetano,Lins de Vasconcelos
Rua sem nome,Engenho Novo
Travessa Mestre Heckel de Assis,Vila Militar
Travessa Mestre Heckel de Assis,Deodoro
sem nome - CL 257766,Lins de Vasconcelos
Rua B,Itanhangá
sem nome - CL 367235,Botafogo
sem nome - CL 237826,Realengo
Rua Santo Antônio,Benfica
sem nome - CL 254938,Tijuca
sem nome - CL 257337,Oswaldo Cruz
sem nome - CL 258608,Campo Grande
sem nome - CL 363333,Vicente de Carvalho
Rua Conselheiro da Paz,Jacarezinho
sem nome - CL 256990,Madureira
sem nome - CL 280180,Pavuna
Rua Cinco,Pavuna
Beco do Mota,Praça da Bandeira
Beco da Creche,Lins de Vasconcelos
sem nome - CL 345538,Madureira
sem nome - CL 413617,Cidade de Deus
Praça do Aleijadinho,Itanhangá
sem nome - CL 370387,Pavuna
Praça Cícero Peregrino,Méier
sem nome - CL 243816,Rio Comprido
sem nome - CL 232652,Pechincha
sem nome - CL 238931,Engenho Novo
Avenida Monte Castelo,Benfica
sem nome - CL 361626,Maré
Travessa Clemente,Tijuca
sem nome - CL 444422,Vila Isabel
sem nome - CL 349548,Taquara
sem nome - CL 242859,Imperial de São Cristóvão
sem nome - CL 280107,Pavuna
sem nome - CL 232413,Praça Seca
sem nome - CL 341065,Centro
sem nome - CL 341065,Gamboa
sem nome - CL 254425,Botafogo
Travessa Dona Maria,Engenho Novo
sem nome - CL 242156,Andaraí
sem nome - CL 366765,Bento Ribeiro
sem nome - CL 310649,Realengo
Rua Porangaba,Santa Cruz
sem nome - CL 365817,Quintino Bocaiúva
Rua Rejane Paula de Melo,Santíssimo
Praça Nelson Cesar de Mattos,Vicente de Carvalho
sem nome - CL 256610,Oswaldo Cruz
Rua Joaquim de Queiroz,Complexo do Alemão
Rua Rafael Texeira Osório,Bento Ribeiro
Vila Claudionor Jordão,Olaria
Rua Leny Eversong,Taquara
Praça Gutemberg de Castro,Recreio dos Bandeirantes
sem nome - CL 237602,Méier
sem nome - CL 370411,Pavuna
sem nome - CL 256537,Penha
sem nome - CL 431759,Mangueira
Rua Rio do Pau - P 1963,Pavuna
Rua Damião dos Santos,Vila Militar
Vila Rica,Tijuca
sem nome - CL 364992,Rocha
Travessa Kindia,Manguinhos
Rua Pedro Teixeira,Realengo
Rua sem nome,Lins de Vasconcelos
sem nome - CL 410159,Andaraí
Rua da Conceição,Centro
Rua Servidão,Lins de Vasconcelos
Rua B,Vargem Pequena
sem nome - CL 249185,Campo Grande
sem nome - CL 254490,Laranjeiras
sem nome - CL 245621,Recreio dos Bandeirantes
sem nome - CL 264929,Campo Grande
sem nome - CL 266072,Pavuna
sem nome - CL 241273,Cachambi
Travessa Doze,Freguesia (Jacarepaguá)
sem nome - CL 364265,Oswaldo Cruz
Rua Sem nome - CL 368738,Oswaldo Cruz
sem nome - CL 265868,Bento Ribeiro
sem nome - CL 430629,Imperial de São Cristóvão
Rua Nove,Pavuna
sem nome - CL 266056,Pavuna
sem nome - CL 367243,Botafogo
sem nome - CL 242594,Cachambi
Rua Miguel Fernandes,Méier
Travessa Santa Luzia,Engenho Novo
Travessa Santa Luzia,Sampaio
Rua Belacap,Tijuca
Estrada Porto Nacional,Bangu
Rua Vega,Andaraí
Rua Projetada 16 PAA 11015,Recreio dos Bandeirantes
sem nome - CL 410837,Grajaú
Vila Argentina,Manguinhos
sem nome - CL 262840,Campo Grande
sem nome - CL 371211,São Conrado
Rua sem nome,Lins de Vasconcelos
sem nome - CL 241109,Cachambi
Travessa Carneiro,Estácio
sem nome - CL 367854,Tijuca
Rua L,Campo dos Afonsos
sem nome - CL 243493,Imperial de São Cristóvão
sem nome - CL 365460,Tomás Coelho
sem nome - CL 256883,Madureira
sem nome - CL 365239,Piedade
sem nome - CL 412296,Cidade de Deus
Rua Professor Luis Rondelli,Olaria
Rua Um,Pavuna
Rua Bento Gonçalves,Engenho de Dentro
sem nome - CL 365031,Rocha
Rua Três - 3,Pavuna
sem nome - CL 256404,Tijuca
Rua sem nome,Lins de Vasconcelos
sem nome - CL 336362,Barra da Tijuca
Rua Santa Laura,Jacarezinho
sem nome - CL 237388,Madureira
sem nome - CL 273763,Engenho Novo
Rua sem nome,Manguinhos
sem nome - CL 368175,Ramos
Beco 25 de Agosto,Maré
Rua Feliciano Pena,Vila da Penha
Rua Coronel Alencastro,Bento Ribeiro
sem nome - CL 241992,Vila Isabel
sem nome - CL 426676,Mangueira
sem nome - CL 366625,Madureira
sem nome - CL 257345,Oswaldo Cruz
Rua José Alves Linhares,Barra da Tijuca
Rua C,Tanque
Rua Um,Vista Alegre
sem nome - CL 366021,Quintino Bocaiúva
sem nome - CL 256909,Madureira
sem nome - CL 368134,Olaria
Rua Sem nome - CL 368373,Tijuca
Estrada General Canrobert da Costa,Realengo
Rua Um,Jardim Sulacap
Rua Jose dos Reis,Engenho de Dentro
Caminho do Canal,Tijuca
Rua Martinho da Vila,Vila Isabel
sem nome - CL 257311,Madureira
sem nome - CL 257311,Campinho
Largo do Catumbi,Catumbi
Rua sem nome - CL 450775,Bangu
Rua D,Pavuna
sem nome - CL 266189,Pavuna
Rua Quatro,Vista Alegre
Rua Xavier d´Araújo,Jacarepaguá
Rua Avelino Lourenço,Vila Militar
Rua Um,Pavuna
Praça Nova Jersey,Realengo
sem nome - CL 368142,Olaria
Vila da Paz,Vasco da Gama
Beco B1,Cidade de Deus
Rua Sargento Aquino,Olaria
sem nome - CL 304410,Jacarepaguá
sem nome - CL 336743,Itanhangá
Ladeira São Januário,Vasco da Gama
sem nome - CL 242610,Maracanã
sem nome - CL 255240,Tijuca
sem nome - CL 241489,Cachambi
Rua sem nome - CL 450759,Bangu
sem nome - CL 431452,Mangueira
sem nome - CL 368654,Oswaldo Cruz
sem nome - CL 368506,Quintino Bocaiúva
sem nome - CL 240135,Campo Grande
sem nome - CL 237826,Realengo
sem nome - CL 365882,Quintino Bocaiúva
sem nome - CL 233858,Tanque
Rua Um - 1,Magalhães Bastos
Rua Basileia,Tijuca
Rua Acari,Inhaúma
sem nome - CL 237784,Jardim Sulacap
sem nome - CL 367102,São Conrado
Rua Paço do Lumiar,Pechincha
Rua sem nome,Lins de Vasconcelos
Rua Comerciária,Ramos
Rua Piedade,Tijuca
sem nome - CL 247320,Barra de Guaratiba
Rua Marcílio Dias,Jacarezinho
sem nome - CL 441410,Vila Isabel
sem nome - CL 244798,Encantado
Rua B,Jacarepaguá
Rua Rio do Pau - P 2001,Pavuna
sem nome - CL 244442,Vila Isabel
sem nome - CL 364885,Riachuelo
Praça Imbituba,Vila Valqueire
Rua Dois,Turiaçu
Escadaria da Independência,Tijuca
Rua 31,Lins de Vasconcelos
sem nome - CL 265926,Pavuna
sem nome - CL 254441,Gávea
sem nome - CL 254441,Jardim Botânico
sem nome - CL 242941,Maracanã
Praça Getúlio Vargas,Benfica
Rua Natal,Sampaio
sem nome - CL 257154,Praça Seca
sem nome - CL 369272,Vaz Lobo
sem nome - CL 232579,Pechincha
Largo das Mães,Vila Valqueire
Rua L,Campo dos Afonsos
sem nome - CL 260802,Santíssimo
Ladeira Gusmão,Vasco da Gama
Rua da Coruja,Mangueira
Rua sem nome - CL 367409,Praça da Bandeira
sem nome - CL 247718,Cosmos
Rua Aruti,Praça Seca
Rua Projetada 16 PAA 11015,Recreio dos Bandeirantes
sem nome - CL 367425,Praça da Bandeira
sem nome - CL 260919,Campo Grande
sem nome - CL 239905,Campo Grande
Rua Fortaleza,Sampaio
Rua Dois,Piedade
sem nome - CL 411181,Tijuca
sem nome - CL 359604,Acari
sem nome - CL 254870,Tijuca
sem nome - CL 237313,Madureira
Beco sem nome,Benfica
Rua B - PAA 11801 / PAL 45783,Campo Grande
Beco Terreirinho,Tijuca
sem nome - CL 367821,São Francisco Xavier
sem nome - CL 411413,Tijuca
Travessa Oito,Santa Cruz
Rua Apora,Inhaúma
sem nome - CL 238410,Engenho Novo
Rua Rio do Pau - P 2001,Pavuna
Travessa Maragogipe,Realengo
Ladeira do Joá,Tijuca
sem nome - CL 433508,Imperial de São Cristóvão
Rua J,Campo dos Afonsos
sem nome - CL 365023,Riachuelo
sem nome - CL 365411,Tomás Coelho
sem nome - CL 365965,Quintino Bocaiúva
sem nome - CL 256016,Olaria
sem nome - CL 254060,Campo Grande
Rua Oito,Vista Alegre
sem nome - CL 245043,Imperial de São Cristóvão
sem nome - CL 258608,Campo Grande
Rua Monte Horebe,Inhoaíba
Rua Mil novecentos e e noventa e três,Pavuna
Rua Curitiba,Sampaio
Rua Jaqueira,Lins de Vasconcelos
sem nome - CL 237669,Madureira
sem nome - CL 266072,Pavuna
sem nome - CL 366773,Oswaldo Cruz
sem nome - CL 345538,Madureira
Rua Central,Sampaio
Rua A - PAA 10508/ PAL 40983,Curicica
sem nome - CL 381897,Engenho Novo
sem nome - CL 381897,Sampaio
sem nome - CL 244020,Andaraí
Rua J,Campo dos Afonsos
sem nome - CL 332593,Praça Seca
Travessa Alice,Lins de Vasconcelos
sem nome - CL 242768,Imperial de São Cristóvão
Rua Guaiacá,Padre Miguel
sem nome - CL 235358,Barra da Tijuca
Travessa Francisco Flávio,Vila Militar
Rua Palmaz,Barra da Tijuca
sem nome - CL 243410,Imperial de São Cristóvão
sem nome - CL 413476,Cidade de Deus
sem nome - CL 251579,Barra de Guaratiba
sem nome - CL 291468,Campo Grande
Beco Cosme e Damião,Vasco da Gama
sem nome - CL 410720,Grajaú
sem nome - CL 256537,Penha
Rua sem nome - CL 456491,Santa Cruz
Rua sem nome,Lins de Vasconcelos
sem nome - CL 413377,Cidade de Deus
sem nome - CL 369140,Madureira
Travessa Eufrásio,Andaraí
Travessa Eufrásio,Tijuca
Travessa Antuérpia de Souza Santos,Andaraí
Rua Coronel Alencastro,Bento Ribeiro
sem nome - CL 243477,Vasco da Gama
sem nome - CL 243477,Imperial de São Cristóvão
sem nome - CL 255000,Tijuca
Rua sem nome,Lins de Vasconcelos
Vila Amazonas,Benfica
sem nome - CL 367805,Benfica
sem nome - CL 338590,Inhaúma
sem nome - CL 242859,Imperial de São Cristóvão
Rua Rafael Texeira Osório,Bento Ribeiro
sem nome - CL 258111,Campinho
sem nome - CL 258046,Engenho da Rainha
sem nome - CL 244830,Piedade
sem nome - CL 257659,Tanque
sem nome - CL 365155,Vila Kosmos
Rua Dois,Pavuna
Rua Quatro,Turiaçu
sem nome - CL 256081,Olaria
Travessa Mestre Francisco Sombra,Vila Militar
Travessa Mestre Francisco Sombra,Deodoro
sem nome - CL 365338,Tomás Coelho
Rua São João,Sampaio
Praça Professor Pecegueiro,Gardênia Azul
sem nome - CL 411462,Tijuca
sem nome - CL 370528,Pavuna
sem nome - CL 442624,Vila Isabel
Rua São Bento,Jacarezinho
Rua Sem Nome - CL 368696,Oswaldo Cruz
sem nome - CL 256321,Andaraí
Rua Nossa Senhora das Graças,Jacarezinho
Rua Um,Bento Ribeiro
sem nome - CL 331603,Campinho
Rua sem nome,Vila Isabel
sem nome - CL 368142,Olaria
sem nome - CL 263632,Campo Grande
sem nome - CL 256644,Oswaldo Cruz
Rua Três - 3,Pavuna
Rua Quatro,Vista Alegre
Travessa Flor-de-Lis do Jamelão,Andaraí
sem nome - CL 257170,Quintino Bocaiúva
Travessa das Pranchas,Paciência
Travessa Antuérpia de Souza Santos,Andaraí
Rua Mendes de Aguiar,Madureira
Travessa Projetada Sete PAA 12396/PAL48172,Anil
sem nome - CL 354621,Benfica
sem nome - CL 256156,Inhaúma
sem nome - CL 243162,Vila Isabel
Praça Marilena Villas Boas Pinto,Santa Cruz
Vila sem nome - CL 466433,Santa Cruz
Rua Monsenhor Távola,Jacarezinho
Rua General Magalhães Barata,Jardim América
Rua sem nome,Engenho Novo
Rua São José,Tijuca
sem nome - CL 338715,Bangu
Rua Jurupari,Tijuca
Rua Aurino Gomes,Vila Isabel
sem nome - CL 366641,Engenheiro Leal
Rua Sebastião Delfino Junior,Jacarepaguá
Travessa Alice,Lins de Vasconcelos
sem nome - CL 254953,Tijuca
sem nome - CL 262220,Campo Grande
sem nome - CL 410779,Andaraí
Rua Um,Pavuna
sem nome - CL 382531,Engenho Novo
sem nome - CL 352393,Tijuca
Rua Sem nome - CL 409565,Tijuca
Vila Luzimar,Engenho de Dentro
sem nome - CL 434936,Mangueira
Travessa Albertino,Tijuca
Rua Darci Vargas do Parque União,Maré
Rua Um,Vista Alegre
Rua da Jaguatirica,Campo Grande
Rua Sargento Aquino,Olaria
sem nome - CL 338798,Bangu
Travessa sem nome,Engenho de Dentro
Rua Paz de Siqueira,Jacaré
Travessa Quatrocentos e oitenta,Vila Isabel
Rua Lotus,Realengo
Travessa Quarenta e um,Sepetiba
sem nome - CL 242917,Vila Isabel
sem nome - CL 370346,Bento Ribeiro
Praça São Constâncio,Irajá
Travessa Lonrado,Cordovil
sem nome - CL 367268,Catete
sem nome - CL 366088,Inhaúma
sem nome - CL 354621,Benfica
Rua F - PAA 11801 / PAL 45783,Campo Grande
Vila Pureza,Irajá
Rua sem nome - CL 466839,Santa Cruz
Escadaria sem nome,Lins de Vasconcelos
sem nome - CL 365627,Água Santa
sem nome - CL 365049,Rocha
sem nome - CL 332171,Barra da Tijuca
sem nome - CL 256529,Vaz Lobo
Rua D,Pavuna
Beco José Maria,Inhaúma
Rua Um,Pavuna
Rua Um,Braz de Pina
sem nome - CL 273839,Engenho da Rainha
sem nome - CL 257394,Vaz Lobo
Rua General Belegarde,Engenho Novo
Rua Xavier d´Araújo,Jacarepaguá
Rua do Governo,Realengo
Rua D,Bento Ribeiro
Ladeira Estrela de Ouro,Vila Isabel
Vila Claudionor Jordão,Olaria
sem nome - CL 254433,Botafogo
sem nome - CL 369785,Irajá
Rua Dois,Praça Seca
sem nome - CL 369199,Oswaldo Cruz
Travessa Monteiro Lobato,Bangu
sem nome - CL 336115,Barra da Tijuca
sem nome - CL 238782,Água Santa
sem nome - CL 254425,Botafogo
Rua Eutiquio Soledade,Tauá
sem nome - CL 252098,Pedra de Guaratiba
sem nome - CL 256677,Madureira
Rua Olegarinha,Grajaú
Estrada do Piaí,Sepetiba
sem nome - CL 253211,Inhoaíba
Rua Sem nome - CL 367649,Tijuca
sem nome - CL 258095,Campinho
sem nome - CL 276147,Irajá
Rua da Liberdade,Sampaio
Rua Luiz Beltrão,Vila Valqueire
sem nome - CL 366427,Riachuelo
sem nome - CL 230110,Ramos
sem nome - CL 367235,Botafogo
sem nome - CL 255208,Tijuca
Praça das Papoulas,Vila Valqueire
sem nome - CL 242743,Vasco da Gama
sem nome - CL 242743,Imperial de São Cristóvão
Rua Rocha Pombo,Andaraí
Rua Aritiba,Realengo
sem nome - CL 446104,Rocinha
Rua Capitão Barbosa,Cocotá
Rua Capitão Barbosa,Praia da Bandeira
sem nome - CL 260919,Campo Grande
sem nome - CL 370098,Bento Ribeiro
sem nome - CL 254300,Jardim Botânico
sem nome - CL 279307,Pavuna
Rua B - PAA 11801 / PAL 45783,Campo Grande
Travessa dos Cajueiros,Jacarezinho
Rua C,Tanque
sem nome - CL 365650,Água Santa
Rua Baependi,Benfica
sem nome - CL 367185,Botafogo
Rua Camargo Freire,Campo Grande
Travessa M. C. Euzébio,Vila Militar
Travessa M. C. Euzébio,Deodoro
Rua Um,Pedra de Guaratiba
Rua B,Grajaú
Rua sem nome,Engenho Novo
sem nome - CL 366658,Engenheiro Leal
sem nome - CL 305102,Jardim Sulacap
Rua Araujo Leitão 925,Engenho Novo
sem nome - CL 241711,Cachambi
sem nome - CL 241711,Maria da Graça
sem nome - CL 280768,Pavuna
sem nome - CL 368530,Olaria
Rua da Horta ,Tijuca
Travessa Bromélias do Jamelão,Andaraí
sem nome - CL 257485,Encantado
Rua Nacional,Taquara
sem nome - CL 240887,Cachambi
Avenida Cesário de Melo,Santa Cruz
Rua Um,Campo Grande
sem nome - CL 262790,Campo Grande
sem nome - CL 413690,Cidade de Deus
sem nome - CL 262808,Campo Grande
sem nome - CL 370098,Bento Ribeiro
sem nome - CL 265850,Bento Ribeiro
Avenida Cesário de Melo,Santa Cruz
Beco da Fontinha,Oswaldo Cruz
Travessa Castor de Andrade,Bangu
Travessa Alice,Lins de Vasconcelos
sem nome - CL 258103,Campinho
sem nome - CL 366278,Riachuelo
sem nome - CL 365817,Quintino Bocaiúva
sem nome - CL 369157,Madureira
sem nome - CL 335620,Tijuca
Rua sem nome,Bangu
Rua Sem Nome - CL 368704,Oswaldo Cruz
sem nome - CL 413542,Cidade de Deus
Rua Arlindo Lucio da Silva,Deodoro
sem nome - CL 368142,Olaria
Rua Iriquitia,Taquara
Travessa Cartagena,Vila Kennedy
sem nome - CL 366864,Bento Ribeiro
sem nome - CL 246173,Vargem Pequena
Avenida Monte Castelo,Benfica
sem nome - CL 441410,São Francisco Xavier
sem nome - CL 441410,Vila Isabel
Rua Jorge Cesário,Vila Isabel
Rua Quatro mil setecentos e seis H,Tomás Coelho
Avenida Carlos Lacerda,Pilares
Avenida Carlos Lacerda,Abolição
Avenida Carlos Lacerda,Encantado
sem nome - CL 359554,Pavuna
sem nome - CL 433946,Mangueira
Rua Ayrton Senna,Santa Cruz
Ladeira Trezentos e noventa e dois,Vila Isabel
sem nome - CL 256875,Engenho de Dentro
sem nome - CL 369561,Irajá
sem nome - CL 255216,Tijuca
sem nome - CL 366112,Engenho da Rainha
sem nome - CL 255752,Jacarepaguá
Rua Conselheiro da Paz,Jacarezinho
Rua sem nome - CL 457853,Santa Cruz
sem nome - CL 256933,Campinho
Rua sem nome,Engenho Novo
Dois,Pavuna
sem nome - CL 237362,Madureira
sem nome - CL 249342,Campo Grande
sem nome - CL 256487,Del Castilho
sem nome - CL 365528,Engenho da Rainha
sem nome - CL 411785,Tijuca
Rua José da Fonseca,Tijuca
Rua Cinco,Engenho da Rainha
Rua 1,Vasco da Gama
Rua 1,Caju
Travessa Conselheiro da Paz,Jacarezinho
sem nome - CL 442913,Vila Isabel
sem nome - CL 254458,Jardim Botânico
sem nome - CL 250035,Campo Grande
Travessa das Pranchas,Paciência
Travessa Mauro Santos,Tijuca
sem nome - CL 411330,Tijuca
sem nome - CL 245829,Vargem Pequena
Travessa João de Barro do Jamelão,Andaraí
sem nome - CL 410787,Andaraí
sem nome - CL 244459,Vila Isabel
sem nome - CL 411843,Tijuca
Rua Mangara,Mangueira
Rua Quatro,Pavuna
Praça Ucranianos,Pavuna
Rua sem nome,Lins de Vasconcelos
Rua Santa Luiza,Maracanã
sem nome - CL 365916,Quintino Bocaiúva
sem nome - CL 255950,Olaria
Rua sem nome,Vila Isabel
sem nome - CL 281402,Pavuna
sem nome - CL 315176,Santa Cruz
Rua Pereira de Araujo,Irajá
Travessa A,Sampaio
sem nome - CL 241893,Engenho de Dentro
Travessa Jose Paixão,Andaraí
sem nome - CL 315176,Santa Cruz
Rua 5,Caju
Rua Santa Filomena,Jacarezinho
sem nome - CL 430306,Imperial de São Cristóvão
Rua Belacap,Tijuca
Ladeira Antônio,Tijuca
sem nome - CL 412262,Tijuca
Praça Engenheiro Bernardo Saião,Botafogo
Avenida Brasil,Maré
Rua Odilon Martins de Andrade,Recreio dos Bandeirantes
Rua Toscana,Ricardo de Albuquerque
sem nome - CL 244434,Vila Isabel
sem nome - CL 246561,Cosmos
Rua São Gabriel,Maria da Graça
sem nome - CL 409839,Andaraí
sem nome - CL 352393,Tijuca
Vila Minas Gerais,Benfica
sem nome - CL 434217,Mangueira
sem nome - CL 242099,Piedade
sem nome - CL 430041,Imperial de São Cristóvão
Beco Isabel,Vasco da Gama
sem nome - CL 381806,Engenho Novo
sem nome - CL 426668,Imperial de São Cristóvão
Vila Argentina,Manguinhos
Travessa Doutor Paulo,Grajaú
Rua Salvador,Imperial de São Cristóvão
Rua Telégrafo,Mangueira
sem nome - CL 441410,Vila Isabel
Rua Vieira Fazenda,Jacarezinho
Rua São Luiz,Sampaio
Rua sem nome,Lins de Vasconcelos
sem nome - CL 263855,Campo Grande
sem nome - CL 355925,Barros Filho
Beco da Rua Silva Rego 79 fundos,Jacaré
Rua da Paz,Santa Cruz
Rua sem nome,Andaraí
sem nome - CL 255711,Praça da Bandeira
Travessa Espírito da Paz,Manguinhos
Rua sem nome,Lins de Vasconcelos
Rua Miranda,Manguinhos
Praça João Carlos Vital,Vargem Pequena
sem nome - CL 442863,Vila Isabel
Travessa Sampaio,Bangu
sem nome - CL 253997,Campo Grande
sem nome - CL 260919,Campo Grande
Rua sem nome,Sampaio
Rua Central,Sampaio
Rua Acau,Engenho Novo
Estrada do Outeiro Santo,Taquara
sem nome - CL 295543,Campo Grande
Rua Rafael Texeira Osório,Bento Ribeiro
Rua sem nome,Vasco da Gama
sem nome - CL 244442,Vila Isabel
Estrada do Barro Vermelho,Rocha Miranda
Via Alan,Grajaú
Rua Gomensoro,Olaria
Travessa Albertino,Tijuca
sem nome - CL 254912,Tijuca
sem nome - CL 242453,Andaraí
Rua do Rio,Cachambi
Rua Passa Um,Jacarezinho
sem nome - CL 433581,Mangueira
sem nome - CL 330829,Taquara
sem nome - CL 243451,Vasco da Gama
Rua Leandro Martins,Centro
Rua sem nome,Jacarezinho
Rua sem nome,Jacarezinho
Rua do Otimismo,Caju
Rua sem nome,Lins de Vasconcelos
sem nome - CL 412023,Tijuca
Praça Ana Lima,Irajá
Travessa sem nome,Tijuca
Rua Sebastião de Oliveira,Sepetiba
sem nome - CL 411967,Tijuca
Praça do Cruzeiro,Lins de Vasconcelos
sem nome - CL 244442,Vila Isabel
Beco 13,Jacarezinho
Rua sem nome,Andaraí
sem nome - CL 369033,Campinho
Beco João Alberto,Jacarezinho
sem nome - CL 433433,Imperial de São Cristóvão
Praça Cantão,Botafogo
Rua do Canal,Tijuca
sem nome - CL 409979,Andaraí
sem nome - CL 411785,Tijuca
sem nome - CL 412072,Andaraí
Estrada das Furnas,Itanhangá
Rua Vitória,Sampaio
Rua Luiz Carlos Tourinho,Campo Grande
Rua da Tabua,Lins de Vasconcelos
Beco da Creche,Lins de Vasconcelos
Rua Projetada 8 - PAA 11519 / PAL 44874,Campo Grande
sem nome - CL 257790,Engenho de Dentro
Travessa Doutor Paulo,Grajaú
Travessa Rio Joana,Andaraí
Rua São Luiz,Sampaio
Rua sem nome,Lins de Vasconcelos
Rua Piedade,Tijuca
Travessa Manoel Rodrigues,Tijuca
sem nome - CL 242867,Imperial de São Cristóvão
Travessa Fátima,Manguinhos
Rua Amaral,Manguinhos
Rua Alagoas,Sampaio
Estrada do Cafundá,Tanque
sem nome - CL 262055,Campo Grande
Rua Seis,Campo Grande
sem nome - CL 253807,Campo Grande
Rua sem nome,Manguinhos
Rua da União,Mangueira
sem nome - CL 431627,Mangueira
sem nome - CL 356741,Pavuna
Rua 31,Lins de Vasconcelos
Praça Beira Rio,Jacarezinho
sem nome - CL 365783,Quintino Bocaiúva
sem nome - CL 368852,Campinho
Rua E,Engenho Novo
Rua Nova Alvorada,Vila Isabel
Beco Sargento Davi,Jacarezinho
Rua 1,Vasco da Gama
Beco do Limão,Manguinhos
Rua Guapi,Santo Cristo
sem nome - CL 255752,Jacarepaguá
Rua sem nome,Andaraí
Boulevard Vinte e oito de Setembro,Vila Isabel
sem nome - CL 266098,Pavuna
Rua do Barco,Grajaú
Avenida Cesário de Melo,Santa Cruz
Rua Seritinga,Braz de Pina
sem nome - CL 432351,Benfica
Rua Esperança,Jacarezinho
sem nome - CL 435552,Mangueira
Praça José Gonzales,Bangu
Rua Amaral,Manguinhos
Rua Manaus,Sampaio
Travessa São José,Sampaio
Rua sem nome,Manguinhos
Rua Quinze de Agosto,Jacarezinho
sem nome - CL 369090,Campinho
sem nome - CL 246702,Cosmos
sem nome - CL 444315,Vila Isabel
Praça Lauro Corona,Jardim Guanabara
Praça Professor Cardoso Fontes,Vila Valqueire
Praça Professor Cardoso Fontes,Marechal Hermes
Praça Raul Sendic Antonaccio,Campo Grande
Avenida Brasil,Santa Cruz
sem nome - CL 311860,Santíssimo
Praça Benjamim Coelho da Costa,Pavuna
Largo Pedro Passos,Taquara
Travessa Evaldo Gomes da Paixão,Andaraí
Praça Alagoas,Praça da Bandeira
Rua Nossa Senhora das Graças,Jacarezinho
Vila Princesa,Manguinhos
Rua Curitiba,Sampaio
Rua Padre Lino,Bangu
sem nome - CL 375717,Realengo
Largo do Rio Grande,Taquara
sem nome - CL 432153,Imperial de São Cristóvão
Acesso da Rua Arará,Benfica
Servidão sem nome - CL 457150,Sepetiba
Rua Vitória,Sampaio
Avenida Cesário de Melo,Santa Cruz
Rua Arquiteto Henrique Mindlin,Barra da Tijuca
Rua sem nome,Grajaú
sem nome - CL 257345,Oswaldo Cruz
Rua Vitória,Caju
Rua Pelópidas Passamani,Guadalupe
Beco Cafundá,Lins de Vasconcelos
sem nome - CL 427591,Imperial de São Cristóvão
Rua Marquês de Herval,Jacarezinho
Beco do Amorim,Engenho Novo
sem nome - CL 444711,Vila Isabel
sem nome - CL 410571,Grajaú
sem nome - CL 434191,Mangueira
sem nome - CL 242966,Vila Isabel
sem nome - CL 442863,Vila Isabel
sem nome - CL 237297,Madureira
Praça Cabo João Machado,Campo Grande
Campo da Radiobrás,Benfica
sem nome - CL 338822,Bangu
Rua A ,Vila Isabel
sem nome - CL 240945,Cachambi
Avenida Antares,Santa Cruz
Rua São Luiz ,Complexo do Alemão
Vila África,Manguinhos
sem nome - CL 273847,Engenho da Rainha
Rua J,Campo dos Afonsos
Rua Peraúba,Jacarezinho
Largo Capitão Couto,Quintino Bocaiúva
Avenida Geremário Dantas,Freguesia (Jacarepaguá)
sem nome - CL 369025,Campinho
sem nome - CL 256800,Madureira
Rua Senhor do Bonfim,Manguinhos
sem nome - CL 236612,Méier
sem nome - CL 369074,Campinho
Rua Zilda Arns Neumann,Vargem Pequena
Travessa Treze ,Rocinha
Rua Padre Manuel da Nobrega,Cascadura
Praça do Cruzeiro,Jacarezinho
Rua A,Vargem Pequena
Rua Humaitá,Humaitá
Rua Elizeth Cardoso,Campo Grande
Rua Amaral,Manguinhos
sem nome - CL 427641,Imperial de São Cristóvão
sem nome - CL 432534,Mangueira
Rua sem nome,Engenho de Dentro
Rua São José,Complexo do Alemão
Beco sem nome,Sampaio
Travessa Alice,Lins de Vasconcelos
Praça Jornal do Comércio,Gamboa
Praça Jornal do Comércio,Saúde
Rua São Geraldo da Praia de Ramos,Maré
sem nome - CL 242123,Andaraí
sem nome - CL 242123,Vila Isabel
Praça Canoa Quebrada Bela VIsta,Paciência
Praça Dario Rogerio,Benfica
sem nome - CL 381202,Engenho Novo
sem nome - CL 444075,Vila Isabel
Beco 211,Jacarezinho
Beco 211,Cachambi
Rua 1,Vasco da Gama
Praça Ana Paula Ribeiro,Freguesia (Ilha)
Praça Miami,Vila Kennedy
Rua sem nome,Engenho Novo
Travessa Agenor,Vila Isabel
Travessa Sete de Setembro,Engenho Novo
Travessa Sete de Setembro,Sampaio
sem nome - CL 245407,Vargem Pequena
sem nome - CL 348102,Santa Cruz
Rua sem nome,Caju
sem nome - CL 432302,Imperial de São Cristóvão
sem nome - CL 345538,Madureira
Rua Espiv,Pavuna
sem nome - CL 255463,Tijuca
Rua Ayrton Senna,Santa Cruz
Rua sem nome,Lins de Vasconcelos
Beco João Alberto,Jacarezinho
sem nome - CL 430710,Imperial de São Cristóvão
Travessa H,Vila Isabel
Rua sem nome,Vasco da Gama
Praça Gonçalo Jacome,Senador Vasconcelos
sem nome - CL 367755,Sampaio
sem nome - CL 356733,Pavuna
Rua sem nome,Lins de Vasconcelos
Travessa Diamantes do Andaraí,Andaraí
sem nome - CL 256826,Madureira
Rua sem nome,Andaraí
Praça Florenca,Ricardo de Albuquerque
sem nome - CL 412064,Andaraí
Escadaria sem nome,Jacarepaguá
Escadaria sem nome,Lins de Vasconcelos
Rua da Horta ,Tijuca
sem nome - CL 410548,Grajaú
Caminho dos Santos Rodrigues,Rio Comprido
Rua Santa Filomena,Jacarezinho
Rua sem nome,Andaraí
Travessa Quatrocentos e oitenta,Vila Isabel
Rua XV de Março,Jacarezinho
Travessa São José,Sepetiba
Rua Doutor José Valadão,Sepetiba
Travessa Jovem,Tijuca
sem nome - CL 365833,Quintino Bocaiúva
sem nome - CL 431536,Benfica
sem nome - CL 431536,Mangueira
Rua Estrela,Grajaú
sem nome - CL 257360,Oswaldo Cruz
Rua Morro Tardini,Engenho Novo
Rua Um,Pedra de Guaratiba
Travessa Henrique Silva,Caju
Travessa Jupará,Mangueira
Rua Sao Miguel,Vila Isabel
Estrada da Lama Preta,Santa Cruz
Praça Josino Meira Vasconcelos,Olaria
Rua sem nome - CL 457689,Santa Cruz
Beco Camarão,Santa Cruz
Travessa Hebridas,Vila Kennedy
Rua do Sítio,Lins de Vasconcelos
Rua Dona Ernestina,Lins de Vasconcelos
sem nome - CL 358721,Pavuna
sem nome - CL 444422,Vila Isabel
Rua Um,Paciência
Travessa Jacaré,Lins de Vasconcelos
sem nome - CL 410589,Grajaú
sem nome - CL 294280,Campo Grande
Vila do 106,Realengo
sem nome - CL 240895,Engenho de Dentro
Rua do Rio,Cachambi
Rua sem nome,Caju
sem nome - CL 311357,Realengo
sem nome - CL 338830,Bangu
Rua sem nome,Caju
Rua Um,Pavuna
